2025 trek up the tower single                                   ,,,,,
2025-2-9                                                        ,,,,,
                                                                ,,,,,
          50                                                    ,,,,,
    1 VM29A,BEN SMAIL,,M,    1/167      5,:04                   
    2 VM29C,BEN SMAIL,35,M,        2/16   5,:21           
    3 VM29D,BEN SMAIL,35,M,        3/16   5,:24           
    4 VM29E,BEN SMAIL,35,M,        4/16   5,:29           
    5 VM29B,BEN SMAIL,35,M,        5/16   5,:29           
    6 VM29F,BEN SMAIL,35,M,        6/16   5,:30           
    7 VM29G,BEN SMAIL,35,M,        7/16   5,:32           
    8 VM29H,BEN SMAIL,35,M,        8/16   5,:45           
    9   452,JON SMAIL,35,M,        9/16   5,:45           
   10 VM10A,ELISHA HARTZELL,40,F,   1 /98   5,:50     
   11   473,STEVE KAISER,37,    M,   10 167  5,:52        
   12 VM24A,JILL PAHA,44,F,        2/98   5,:53           
   13 VM29I,BEN SMAIL,35,M,       11/16   5,:57           
   14   153,JONATHAN FOSS,31,M,   1/1 67  6,:00       
   15 VM24E,JILL PAHA,44,F,        3/98   6,:00           
   16   378,JEFF JOURNEY,48,    M,    1 98   6,:01        
   17   257,MARC REUTER,47,M    ,    2/  8  6,:08         
   18 VM29J,BEN SMAIL,35,M,       13/16   6,:10           
   19   426,CHAD PRICE,38,M,       14/1  7 6,:15          
   20 VM29K,BEN SMAIL,35,M,       15/16   6,:16           
   21   285,BENJAMIN STEPHENS,25,M,    1/41   6,:  7  
   22 VM43K,WES CONNELL,37,M    ,   16/ 67  6,:27         
   23   258,TRISTON REUTER,22,M,   2/ 41   6,:29      
   24   208,TRAVIS LOEWENS,44,M,   3/ 98   6,:33      
   25   188,CAROL HOHENTHANER,65,F,    1/13   6,:  0  
   26 VM43A,WES CONNELL,37,M    ,   17/ 67  6,:41         
   27   155,BRETT FRANKENBERGER,53,,     1/120  6:41  ,
   28 VM43B,WES CONNELL,37,M    ,   18/ 67  6,:42         
   29 VM44A,JORGE HERNANDEZ,32,M,   19/167  6,:42     
   30 VM23A,DEBBIE OFFICER,56,F,   1/ 58   6,:42      
   31 VM24C,JILL PAHA,44,F,        4/98   6,:43           
   32 VM24B,JILL PAHA,44,F,        5/98   6,:43           
   33 VM24J,JILL PAHA,44,F,        6/98   6,:44           
   34 VM24D,JILL PAHA,44,F,        7/98   6,:45           
   35   468,JOSHUA WILLITS,42,M,   4/ 98   6,:45      
   36 VM24H,JILL PAHA,44,F,        8/98   6,:46           
   37 VM43F,WES CONNELL,37,M    ,   20/ 67  6,:46         
   38 VM24K,JILL PAHA,44,F,        9/98   6,:46           
   39   422,TRAVIS PETERSEN,41,M,   5 /98   6,:47     
   40   254,JEREMY RELOJ,34,    M,   21 167  6,:48        
   41 VM24F,JILL PAHA,44,F,       10/98   6,:48           
   42   388,MICHAEL KOEHLER,32,M,   22/167  6,:49     
   43 VM24I,JILL PAHA,44,F,       11/98   6,:50           
   44 VM43C,WES CONNELL,37,M    ,   23/ 67  6,:50         
   45 VM10G,ELISHA HARTZELL,40,F,   12/98   6,:51     
   46 VM10E,ELISHA HARTZELL,40,F,   13/98   6,:51     
   47 VM10D,ELISHA HARTZELL,40,F,   14/98   6,:51     
   48 VM43E,WES CONNELL,37,M    ,   24/ 67  6,:53         
   49   162,AMY GOMEZ,45,F,       15/98   6,:53           
   50   446,MARK SCHUMACHER,38,M,   25/167  6,:54     
   51 VM24G,JILL PAHA,44,F,       16/98   6,:54           
   52   375,CHRISTOPHER JAMESON,36,,    26/167  6:54  ,
   53 VM42A,GEOFFREY BUCHTA,38,M,   27/167  6,:55     
   54   363,KYLE HERBER,43,M    ,    6/  8  6,:56         
   55 VM10F,ELISHA HARTZELL,40,F,   17/98   6,:59     
   56 VM42B,GEOFFREY BUCHTA,38,M,   28/167  7,:00     
   57   132,TERRY COMSTOCK,54,M,   2/ 120  7,:02      
   58   290,BYRON THOMPSON,31,M,   9/ 167  7,:03      
   59   301,DAREN KONDA,48,M    ,    7/  8  7,:03         
   60   181,NATE HAZUKA,36,M    ,   30/ 67  7,:03         
   61   315,JACLYN ARENS,28,    F,    1 53   7,:04        
   62 VM43H,WES CONNELL,37,M    ,   31/ 67  7,:05         
   63   297,SHAWN VAUGHAN,35,M,   3/1 67  7,:06       
   64 VM42C,GEOFFREY BUCHTA,38,M,   33/167  7,:08     
   65 VM41A,JACOB ANDERSON,30,M,   4/ 167  7,:08      
   66   342,CALEB EADIE,23,M    ,    3/  1  7,:09         
   67 VM43J,WES CONNELL,37,M    ,   35/ 67  7,:09         
   68 VM10H,ELISHA HARTZELL,40,F,   18/98   7,:10     
   69 VM43I,WES CONNELL,37,M    ,   36/ 67  7,:11         
   70 VM10I,ELISHA HARTZELL,40,F,   19/98   7,:11     
   71 VM23B,DEBBIE OFFICER,56,F,   2/ 58   7,:12      
   72   336,HANNAH DEHART,24,F,    /5 3   7,:13       
   73 VM43G,WES CONNELL,37,M    ,   37/ 67  7,:15         
   74 VM10K,ELISHA HARTZELL,40,F,   20/98   7,:18     
   75 VM10J,ELISHA HARTZELL,40,F,   21/98   7,:18     
   76 VM42F,GEOFFREY BUCHTA,38,M,   38/167  7,:20     
   77 VM43D,WES CONNELL,37,M    ,   39/ 67  7,:22         
   78 VM42E,GEOFFREY BUCHTA,38,M,   40/167  7,:24     
   79 VM10C,ELISHA HARTZELL,40,F,   22/98   7,:26     
   80   219,JEREMIAH MERRIMAN,22,M,    4/41   7,:  8  
   81 VM42D,GEOFFREY BUCHTA,38,M,   41/167  7,:32     
   82  VM3A,DEON BILLINGSLEY,43,M,    8/98   7,:3     
   83 VM42G,GEOFFREY BUCHTA,38,M,   42/167  7,:34     
   84 VM42H,GEOFFREY BUCHTA,38,M,   43/167  7,:35     
   85 VM42K,GEOFFREY BUCHTA,38,M,   44/167  7,:36     
   86 VM13F,JASON JONES,44,M    ,    9/  8  7,:37         
   87 VM23C,DEBBIE OFFICER,56,F,   3/ 58   7,:38      
   88   215,JOE MATTIA,37,M,       45/1  7 7,:38          
   89   373,NATE IVERSON,26,    M,    5 41   7,:42        
   90   261,WILLIAM ROCK,41,    M,   10 98   7,:43        
   91 VM42J,GEOFFREY BUCHTA,38,M,   46/167  7,:44     
   92 VM13B,JASON JONES,44,M    ,   11/  8  7,:46         
   93   448,COLE SHOTKOSKI,24,M,   6/ 41   7,:47      
   94 VM13A,JASON JONES,44,M    ,   12/  8  7,:50         
   95 VM10B,ELISHA HARTZELL,40,F,   23/98   7,:50     
   96 VM14B,DAVID KELLER,58,    M,    3 120  7,:51        
   97   317,ROBERT BALDI,44,    M,   13 98   7,:52        
   98 VM13E,JASON JONES,44,M    ,   14/  8  7,:52         
   99 VM40A,STEVE STERMER,67,M,    /6 3   7,:52       
  100  VM3B,DEON BILLINGSLEY,43,M,  1 5/98   7,:5     
  101 VM13D,JASON JONES,44,M    ,   16/  8  7,:53         
  102 VM42I,GEOFFREY BUCHTA,38,M,   47/167  7,:54     
  103   474,JAKE HOHENTHANER,36,M,  4 8/167  7,:5     
  104 VM13C,JASON JONES,44,M    ,   17/  8  7,:56         
  105 VM23D,DEBBIE OFFICER,56,F,   4/ 58   7,:57      
  106    74,JARRET WIDHALM,26,M,   7/ 41   7,:58      
  107 VM13H,JASON JONES,44,M    ,   18/  8  8,:01         
  108   218,ADAM MCQUISTAN,37,M,   9/ 167  8,:04      
  109  VM3K,DEON BILLINGSLEY,43,M,  1 9/98   8,:0     
  110 VM23F,DEBBIE OFFICER,56,F,   5/ 58   8,:04      
  111 VM26A,CATHERINE RIVIER,44,F,  2 4/98   8,:0     
  112   217,ALEX MCINTYRE,32,M,   5/1 67  8,:07       
  113 VM30A,CHRIS THEIS,38,M    ,   51/ 67  8,:07         
  114 VM13K,JASON JONES,44,M    ,   20/  8  8,:07         
  115 VM13G,JASON JONES,44,M    ,   21/  8  8,:09         
  116 VM23E,DEBBIE OFFICER,56,F,   6/ 58   8,:09      
  117 VM13J,JASON JONES,44,M    ,   22/  8  8,:09         
  118   116,RICK BOSE,67,M,        2/63   8,:09           
  119  VM5A,BRADLEY CARVER,51,M,   4/ 120  8,:11      
  120   401,NIKKI LONGLEE,45,F,   2/9 8   8,:11       
  121 VM14A,DAVID KELLER,58,    M,    5 120  8,:12        
  122 VM23G,DEBBIE OFFICER,56,F,   7/ 58   8,:14      
  123 VM30B,CHRIS THEIS,38,M    ,   52/ 67  8,:14         
  124 VM13I,JASON JONES,44,M    ,   23/  8  8,:15         
  125 VM23H,DEBBIE OFFICER,56,F,   8/ 58   8,:16      
  126 VM44B,JORGE HERNANDEZ,32,M,   53/167  8,:16     
  127   151,PAUL FOLKERS,60,    M,    3 63   8,:16        
  128  VM5B,BRADLEY CARVER,51,M,   6/ 120  8,:19      
  129   316,BRANDON BAILEY,41,M,   4/ 98   8,:21      
  130  VM3C,DEON BILLINGSLEY,43,M,  2 5/98   8,:2     
  131   464,LIAM WARD,24,M,        8/41   8,:24           
  132  VM3D,DEON BILLINGSLEY,43,M,  2 6/98   8,:2     
  133  VM9A,DAVID HANLEY,52,    M,    7 120  8,:25        
  134   195,GRETCHEN JONES,46,F,   6/ 98   8,:26      
  135 VM23K,DEBBIE OFFICER,56,F,   9/ 58   8,:28      
  136 VM40B,STEVE STERMER,67,M,    /6 3   8,:29       
  137   236,ERIK NOEL,51,M,        8/12   8,:29           
  138   269,PAUL SAENZ,63,M,        5/6    8,:29          
  139 VM40C,STEVE STERMER,67,M,    /6 3   8,:30       
  140   296,LINDSEY VAUGHAN,35,F,   1 /124  8,:31     
  141   507,THOMAS BASTIEN,51,M,   9/ 120  8,:31      
  142 VM28A,GRANT SCHULTE,42,M,   2/9 8   8,:32       
  143 VM23I,DEBBIE OFFICER,56,F,   0/ 58   8,:32      
  144   490,ANDREW BAUMAN,41,M,   2/9 8   8,:32       
  145  VM3E,DEON BILLINGSLEY,43,M,  2 9/98   8,:3     
  146  VM9B,DAVID HANLEY,52,    M,   10 120  8,:34        
  147   352,ARIANNA GOLDSTEIN,37,F,    2/124  8,:  6  
  148   447,ERICA SEARCEY,43,F,   2/9 8   8,:36       
  149   305,RYAN WOLFE,33,M,       54/1  7 8,:36          
  150   126,HILARY CARL,43,F    ,   28/  8  8,:36         
  151   193,NICHOLAS IVERSON,21,M,    9/41   8,:3     
  152   207,JACOB LOBERG,28,    M,   10 41   8,:36        
  153 VM44F,JORGE HERNANDEZ,32,M,   55/167  8,:37     
  154   161,MIKE GLIWA,53,M,       11/1  0 8,:37          
  155  VM5F,BRADLEY CARVER,51,M,   2/ 120  8,:37      
  156 VM23J,DEBBIE OFFICER,56,F,   1/ 58   8,:37      
  157  VM5G,BRADLEY CARVER,51,M,   3/ 120  8,:40      
  158  VM3I,DEON BILLINGSLEY,43,M,  3 0/98   8,:4     
  159 VM44C,JORGE HERNANDEZ,32,M,   56/167  8,:41     
  160  VM5C,BRADLEY CARVER,51,M,   4/ 120  8,:42      
  161   159,RICK GILBERT,61,    M,    7 63   8,:43        
  162  VM4A,JEREMY BRICK,50,    M,   15 120  8,:43        
  163  VM9D,DAVID HANLEY,52,    M,   16 120  8,:43        
  164   167,JEFF HAGEMAN,60,    M,    8 63   8,:44        
  165  VM3G,DEON BILLINGSLEY,43,M,  3 1/98   8,:4     
  166   198,ERIKA KAMPSCHNIEDER,33,,     3/124  8:45  ,
  167 VM40F,STEVE STERMER,67,M,    /6 3   8,:46       
  168 VM44G,JORGE HERNANDEZ,32,M,   57/167  8,:47     
  169 VM25B,DAVE PECHA,49,M,       32/9    8,:47          
  170  VM9K,DAVID HANLEY,52,    M,   17 120  8,:47        
  171 VM40E,STEVE STERMER,67,M,   1/6 3   8,:47       
  172  VM5E,BRADLEY CARVER,51,M,   8/ 120  8,:49      
  173 VM12A,KARI JOHNSON,51,    F,   12 58   8,:50        
  174  VM9C,DAVID HANLEY,52,    M,   19 120  8,:50        
  175   263,RYAN ROUSE,19,M,        1/3    8,:50          
  176   387,JONI KLUSMAN,51,    F,   13 58   8,:50        
  177 VM44D,JORGE HERNANDEZ,32,M,   58/167  8,:51     
  178   431,BRAD RATLIFF,44,    M,   33 98   8,:51        
  179 VM14C,DAVID KELLER,58,    M,   20 120  8,:51        
  180 VM40D,STEVE STERMER,67,M,   1/6 3   8,:52       
  181 VM44E,JORGE HERNANDEZ,32,M,   59/167  8,:52     
  182  VM9E,DAVID HANLEY,52,    M,   21 120  8,:52        
  183 VM14H,DAVID KELLER,58,    M,   22 120  8,:52        
  184   345,MARIA FLORES,36,    F,    4 124  8,:53        
  185  VM3J,DEON BILLINGSLEY,43,M,  3 4/98   8,:5     
  186 VM41G,JACOB ANDERSON,30,M,   0/ 167  8,:53      
  187 VM25A,DAVE PECHA,49,M,       35/9    8,:54          
  188 VM14G,DAVID KELLER,58,    M,   23 120  8,:54        
  189   368,GERI HORTON,43,F    ,   29/  8  8,:55         
  190 VM14F,DAVID KELLER,58,    M,   24 120  8,:55        
  191  VM5D,BRADLEY CARVER,51,M,   5/ 120  8,:55      
  192   282,PHILL SMITH,34,M    ,   61/ 67  8,:56         
  193 VM30C,CHRIS THEIS,38,M    ,   62/ 67  8,:56         
  194  VM3F,DEON BILLINGSLEY,43,M,  3 6/98   8,:5     
  195 VM41H,JACOB ANDERSON,30,M,   3/ 167  8,:56      
  196 VM26B,CATHERINE RIVIER,44,F,  3 0/98   8,:5     
  197   376,STACIA JAMESON,32,F,   5/ 124  8,:57      
  198 VM44H,JORGE HERNANDEZ,32,M,   64/167  8,:59     
  199  VM3H,DEON BILLINGSLEY,43,M,  3 7/98   8,:5     
  200 VM14E,DAVID KELLER,58,    M,   26 120  9,:00        
  201   491,DANIEL ENGSTROM,36,M,   65/167  9,:00     
  202   140,STEPHEN DORCEY,43,M,   8/ 98   9,:00      
  203   187,ERICA HINTON,29,    F,    3 53   9,:02        
  204 VM30I,CHRIS THEIS,38,M    ,   66/ 67  9,:03         
  205 VM14I,DAVID KELLER,58,    M,   27 120  9,:04        
  206   457,NATHAN THOMAS,40,M,   3/9 8   9,:05       
  207 VM25J,DAVE PECHA,49,M,       40/9    9,:05          
  208 VM12C,KARI JOHNSON,51,    F,   14 58   9,:06        
  209 VM41J,JACOB ANDERSON,30,M,   7/ 167  9,:06      
  210 VM30G,CHRIS THEIS,38,M    ,   68/ 67  9,:06         
  211 VM25C,DAVE PECHA,49,M,       41/9    9,:06          
  212 VM41E,JACOB ANDERSON,30,M,   9/ 167  9,:08      
  213   329,RICHARD CANIGLIA,44,M,  4 2/98   9,:0     
  214 VM25E,DAVE PECHA,49,M,       43/9    9,:08          
  215  VM9G,DAVID HANLEY,52,    M,   28 120  9,:08        
  216    56,KEVIN LONGCHAMPS,38,M,  7 0/167  9,:1     
  217 VM41I,JACOB ANDERSON,30,M,   1/ 167  9,:10      
  218  VM9F,DAVID HANLEY,52,    M,   29 120  9,:10        
  219   322,BRUCE BOCKMAN,32,M,   7/1 67  9,:11       
  220   444,CAITLENE SANTOS,22,F,   4 /53   9,:11     
  221 VM25F,DAVE PECHA,49,M,       44/9    9,:12          
  222 VM12B,KARI JOHNSON,51,    F,   15 58   9,:13        
  223   119,CHAD BRODERSEN,50,M,   0/ 120  9,:15      
  224 VM12D,KARI JOHNSON,51,    F,   16 58   9,:17        
  225   358,CHRISTINE HAMMANS,50,F,   17/58   9,:  7  
  226 VM14J,DAVID KELLER,58,    M,   31 120  9,:17        
  227   362,LONNI HELM,24,F,        5/5    9,:17          
  228 VM26E,CATHERINE RIVIER,44,F,  3 1/98   9,:1     
  229   214,JESSICA MATHER,34,F,   6/ 124  9,:17      
  230 VM41F,JACOB ANDERSON,30,M,   3/ 167  9,:18      
  231  VM5H,BRADLEY CARVER,51,M,   2/ 120  9,:19      
  232 VM41B,JACOB ANDERSON,30,M,   4/ 167  9,:20      
  233  VM1A,MARK ADAMSON,69,    M,   12 63   9,:20        
  234 VM27A,MIKE SCHIEFELBEIN,65,M,   13/63   9,:  0  
  235  VM4B,JEREMY BRICK,50,    M,   33 120  9,:21        
  236 VM19A,KATARZYNA LEWANDOWSK,39F,     7/124  ,:2 1,
  237   338,KEITH DOWELL,70,    M,    1 14   9,:21        
  238 VM44I,JORGE HERNANDEZ,32,M,   75/167  9,:21     
  239  VM9H,DAVID HANLEY,52,    M,   34 120  9,:24        
  240   137,LESLIE DAY,59,F,       18/5    9,:24          
  241 VM40G,STEVE STERMER,67,M,   1/6 3   9,:26       
  242 VM28B,GRANT SCHULTE,42,M,   4/9 8   9,:26       
  243 VM26G,CATHERINE RIVIER,44,F,  3 2/98   9,:2     
  244   171,HUNTER HANSON,24,M,   1/4 1   9,:26       
  245  VM5I,BRADLEY CARVER,51,M,   5/ 120  9,:27      
  246   220,SARAH MEYER,41,F    ,   33/  8  9,:27         
  247  VM9J,DAVID HANLEY,52,    M,   36 120  9,:27        
  248 VM25D,DAVE PECHA,49,M,       46/9    9,:27          
  249 VM26D,CATHERINE RIVIER,44,F,  3 4/98   9,:2     
  250 VM30J,CHRIS THEIS,38,M    ,   76/ 67  9,:29         
  251 VM28D,GRANT SCHULTE,42,M,   4/9 8   9,:29       
  252   197,TIMOTHY KALANTJAKOS,34,,    77/167  9:30  ,
  253   319,ANDREW BISHOP,36,M,   7/1 67  9,:30       
  254  VM9I,DAVID HANLEY,52,    M,   37 120  9,:31        
  255   127,LINDSAY CARROLL,36,F,   8 /124  9,:31     
  256   380,JOYCE JUZA,42,F,       35/9    9,:31          
  257 VM14K,DAVID KELLER,58,    M,   38 120  9,:31        
  258 VM30E,CHRIS THEIS,38,M    ,   79/ 67  9,:32         
  259   361,KELSEY HASCH,24,    F,    6 53   9,:32        
  260 VM12E,KARI JOHNSON,51,    F,   19 58   9,:33        
  261 VM28K,GRANT SCHULTE,42,M,   4/9 8   9,:33       
  262 VM26C,CATHERINE RIVIER,44,F,  3 6/98   9,:3     
  263 VM30F,CHRIS THEIS,38,M    ,   80/ 67  9,:34         
  264 VM26F,CATHERINE RIVIER,44,F,  3 7/98   9,:3     
  265   271,TONYA SALCEDO-NOEL,47,F    38/98   9, 34  ,
  266   449,LARRY SHOTKOSKI,59,M,   39/120  9,:34     
  267   279,CHANCE SIPPLE,30,M,   8/1 67  9,:35       
  268  VM5J,BRADLEY CARVER,51,M,   0/ 120  9,:35      
  269 VM25I,DAVE PECHA,49,M,       49/9    9,:35          
  270 VM32A,RYAN THURMAN,36,    M,   82 167  9,:36        
  271 VM30K,CHRIS THEIS,38,M    ,   83/ 67  9,:37         
  272 VM30H,CHRIS THEIS,38,M    ,   84/ 67  9,:37         
  273   386,SUZIE KINGERY,34,F,    /1 24  9,:37       
  274 VM26H,CATHERINE RIVIER,44,F,  3 9/98   9,:3     
  275 VM25G,DAVE PECHA,49,M,       50/9    9,:37          
  276 VM14D,DAVID KELLER,58,    M,   41 120  9,:37        
  277   196,KRISTIE JONES,49,F,   4/9 8   9,:39       
  278 VM12F,KARI JOHNSON,51,    F,   20 58   9,:40        
  279   439,MADDIE ROMANS,17,F,    /2     9,:40       
  280   158,NICK GILBERT,41,    M,   51 98   9,:41        
  281 VM26I,CATHERINE RIVIER,44,F,  4 1/98   9,:4     
  282   303,QUINDELL WILSON,48,M,   52/98   9,:42     
  283  VM4C,JEREMY BRICK,50,    M,   42 120  9,:43        
  284   379,KEVIN JUON,47,M,       53/9    9,:43          
  285   199,KEVIN KATHKA,56,    M,   43 120  9,:43        
  286 VM28G,GRANT SCHULTE,42,M,   5/9 8   9,:44       
  287 VM41K,JACOB ANDERSON,30,M,   5/ 167  9,:44      
  288   150,JACOB FEDORCHIK,29,M,   12/41   9,:44     
  289   425,ALYSSA POTMESIL,33,F,   10/124  9,:44     
  290 VM30D,CHRIS THEIS,38,M    ,   86/ 67  9,:45         
  291   460,BETH TRECEK,25,F    ,    7/  3  9,:47         
  292 VM40H,STEVE STERMER,67,M,   1/6 3   9,:47       
  293  VM5K,BRADLEY CARVER,51,M,   4/ 120  9,:48      
  294   475,DANIEL KOHLER,52,M,   4/1 20  9,:48       
  295   210,NATASHA LOPEZ,45,F,   4/9 8   9,:49       
  296   424,CALE PETERSON,17,M,    /3     9,:49       
  297   133,GARY CONWAY,69,M    ,   16/  3  9,:49         
  298 VM12G,KARI JOHNSON,51,    F,   21 58   9,:49        
  299 VM12H,KARI JOHNSON,51,    F,   22 58   9,:49        
  300 VM25H,DAVE PECHA,49,M,       55/9    9,:50          
  301   353,MITCHELL GRAVES,23,M,   13/41   9,:52     
  302 VM28C,GRANT SCHULTE,42,M,   5/9 8   9,:53       
  303 VM41C,JACOB ANDERSON,30,M,   7/ 167  9,:54      
  304   276,ALEXA SHANAHAN,30,F,   1/ 124  9,:54      
  305 VM25K,DAVE PECHA,49,M,       57/9    9,:55          
  306 VM28E,GRANT SCHULTE,42,M,   5/9 8   9,:56       
  307 VM39A,LEM SHEARD,45,M,       59/9    9,:57          
  308 VM17A,TIFFANY LAW,35,F    ,   12/ 24  9,:57         
  309   369,MICHELLE HUPFER,55,F,   23/58  10,:01     
  310   274,COLLIN SCHOEPPNER,34,M,   88/167 10,:  1  
  311   445,ALLY SCHILMOELLER,22,F,    8/53  10,:  1  
  312   206,KENNETH LISCUM,33,M,   9/ 167 10,:01      
  313   408,LIZA MASTERS,42,    F,   43 98  10,:01        
  314   154,CRYSTAL FOUST-NEKORAN,3,F ,   13/124 0,: 0 2
  315   108,JACOB BARRETT,33,M,   9/1 67 10,:03       
  316 VM41D,JACOB ANDERSON,30,M,   1/ 167 10,:04      
  317   123,ALEXIS CARDER,23,F,    /5 3  10,:05       
  318  VM1B,MARK ADAMSON,69,    M,   17 63  10,:05        
  319   165,MANISH GUPTA,38,    M,   92 167 10,:05        
  320 VM28H,GRANT SCHULTE,42,M,   6/9 8  10,:06       
  321  VM4D,JEREMY BRICK,50,    M,   46 120 10,:06        
  322   406,CLAIRE MARTIN,25,F,   1/5 3  10,:07       
  323   402,BRYAN LUCKE,31,M    ,   93/ 67 10,:07         
  324 VM28I,GRANT SCHULTE,42,M,   6/9 8  10,:07       
  325   451,WILLIAM SIPPEL,27,M,   4/ 41  10,:08      
  326 VM21C,TRAVIS MOOD,56,M    ,   47/ 20 10,:09         
  327  VM7A,LAUREN DOESCHOT,28,F,   11/53  10,:09     
  328 VM32B,RYAN THURMAN,36,    M,   94 167 10,:10        
  329   326,SARAH BRUGGER,33,F,   1/1 24 10,:10       
  330   381,BETSY KAHLANDT,44,F,   4/ 98  10,:10      
  331 VM12I,KARI JOHNSON,51,    F,   24 58  10,:11        
  332 VM28J,GRANT SCHULTE,42,M,   6/9 8  10,:12       
  333   147,MARY ELLIOT,63,F    ,    2/  3 10,:14         
  334   194,BRANDON JONES,37,M,   9/1 67 10,:16       
  335   325,COLE BROWNSEN,28,M,   1/4 1  10,:16       
  336 VM26J,CATHERINE RIVIER,44,F,  4 5/98  10,:1     
  337   294,RYAN TOVEY,40,M,       63/9   10,:19          
  338 VM28F,GRANT SCHULTE,42,M,   6/9 8  10,:19       
  339   471,PATRICK CANIGLIA,38,M,  9 6/167 10,:1     
  340   235,AIMEE NOEL,53,F,       25/5   10,:19          
  341   232,CONNOR NETH,33,M    ,   97/ 67 10,:21         
  342   310,PIERCE ADAJAR,26,M,   1/4 1  10,:21       
  343    80,GALAT TOANG,31,M    ,   98/ 67 10,:21         
  344   221,JOHN MILLER,44,M    ,   65/  8 10,:23         
  345 VM32C,RYAN THURMAN,36,    M,   99 167 10,:23        
  346   410,AMY MCCOY,50,F,       26/58 1 0,:25           
  347   489,JAMES RADLE,51,M    ,   48/ 20 10,:29         
  348   411,COLLEEN MCCOY,50,F,   2/5 8  10,:29       
  349   360,LOGAN HARRIS,31,    M,   00 167 10,:30        
  350   275,ANTONY SEVERSON,44,M,   66/98  10,:30     
  351 VM31A,KYLIE THURMAN,39,F,   1/1 24 10,:30       
  352   200,ADAM KILLINGSWORTH,40,M    67/98  10, 30  ,
  353   334,LARRY COHOON,60,    M,   18 63  10,:31        
  354   496,ANDREA HENNINGS,36,F,   16/124 10,:31     
  355 VM34A,TABITHA UBBINGA,36,F,   17/124 10,:32     
  356   182,ANN HEGSTROM,68,    F,    3 13  10,:32        
  357   268,GREG RUSWICK,39,    M,   01 167 10,:34        
  358  VM4E,JEREMY BRICK,50,    M,   49 120 10,:34        
  359   260,MARK ROBERTSON,52,M,   0/ 120 10,:35      
  360   394,JAMIE LAINSON,39,F,   1/1 24 10,:35       
  361   186,EMILY HEYWOOD,28,F,   1/5 3  10,:37       
  362   149,DREW ERICKSON,33,M,   0/1 67 10,:39       
  363   432,SARAH REED,41,F,       46/9   10,:40          
  364 VM12J,KARI JOHNSON,51,    F,   28 58  10,:40        
  365 VM33A,PAXTON UBBINGA,39,M,   3/ 167 10,:41      
  366 VM40I,STEVE STERMER,67,M,   1/6 3  10,:42       
  367   428,MILAN RAI,37,M,       04/16 1 0,:42           
  368   157,MIKI GILBERT,60,    F,    4 13  10,:43        
  369 VM26K,CATHERINE RIVIER,44,F,  4 7/98  10,:4     
  370 VM37A,LESLIE GORDON,45,F,   4/9 8  10,:43       
  371  VM1C,MARK ADAMSON,69,    M,   20 63  10,:45        
  372   372,MIRANDA HUSTON,31,F,   9/ 124 10,:46      
  373 VM31C,KYLIE THURMAN,39,F,   2/1 24 10,:47       
  374   506,MIGUEL REYNA JR,27,M,   17/41  10,:49     
  375   438,DILLON ROMANS,18,M,    /3    10,:49       
  376 VM22A,CONNOR O'BRIEN,33,M,   5/ 167 10,:50      
  377 VM31B,KYLIE THURMAN,39,F,   2/1 24 10,:50       
  378   168,BRIAN HALE,41,M,       68/9   10,:50          
  379 VM17C,TIFFANY LAW,35,F    ,   22/ 24 10,:51         
  380 VM20A,CLAIRE MARKHAM,36,F,   3/ 124 10,:53      
  381   304,BRANDON WINGETT,34,M,    6/167 10,:53     
  382   492,SHEILA VALQUIER,33,F,   24/124 10,:54     
  383   205,CHELSEA LISCUM,32,F,   5/ 124 10,:54      
  384  VM4F,JEREMY BRICK,50,    M,   51 120 10,:54        
  385   267,ALLISON RUSWICK,36,F,   26/124 10,:54     
  386   291,HEATHER THORSON,34,F,   27/124 10,:54     
  387  VM7B,LAUREN DOESCHOT,28,F,   13/53  10,:55     
  388 VM40J,STEVE STERMER,67,M,   2/6 3  10,:55       
  389 VM15J,MIKE KINNEY,52,M    ,   52/ 20 10,:56         
  390 VM17B,TIFFANY LAW,35,F    ,   28/ 24 10,:56         
  391   237,RUSSELL OATMAN,65,M,   2/ 63  10,:58      
  392   458,LUCAS THOMSEN,38,M,   0/1 67 10,:58       
  393 VM21B,TRAVIS MOOD,56,M    ,   53/ 20 10,:58         
  394 VM32D,RYAN THURMAN,36,    M,   08 167 10,:59        
  395   225,COURTNEY MOLETTIERE,42,,    49/98  11:00  ,
  396   244,KELLY PLACEK,34,    F,   29 124 11,:00        
  397   139,SONAM DIXIT,36,F    ,   30/ 24 11,:00         
  398 VM31G,KYLIE THURMAN,39,F,   3/1 24 11,:00       
  399  VM1D,MARK ADAMSON,69,    M,   23 63  11,:02        
  400 VM40K,STEVE STERMER,67,M,   2/6 3  11,:02       
  401   398,LAURA LIEKHUS,33,F,   3/1 24 11,:06       
  402  VM1H,MARK ADAMSON,69,    M,   25 63  11,:07        
  403   427,KRISTIN PRICE,38,F,   3/1 24 11,:07       
  404   409,ABBY MATTHIAS,29,F,   1/5 3  11,:07       
  405   130,PHIL CHAMBERLIN,48,M,   69/98  11,:08     
  406    68,JON SANDOVAL,44,    M,   70 98  11,:09        
  407  VM1I,MARK ADAMSON,69,    M,   26 63  11,:09        
  408 VM31K,KYLIE THURMAN,39,F,   3/1 24 11,:11       
  409   420,SCOTT OWEN,49,M,       71/9   11,:11          
  410   104,JORDON BADURA,33,M,   0/1 67 11,:11       
  411 VM32E,RYAN THURMAN,36,    M,   10 167 11,:13        
  412 VM39B,LEM SHEARD,45,M,       72/9   11,:14          
  413   134,LEXI CROW,22,F,       15/53 1 1,:14           
  414   497,DAVE JONES,57,M,       54/1  011,:14          
  415   288,JACK SULLIVAN,60,M,   2/6 3  11,:15       
  416   405,ASHLEY MANHART,34,F,   5/ 124 11,:15      
  417   242,RYAN PINT,48,M,       73/98 1 1,:17           
  418 VM39E,LEM SHEARD,45,M,       74/9   11,:17          
  419   110,GRACIE BERNARD,22,F,   6/ 53  11,:17      
  420 VM39F,LEM SHEARD,45,M,       75/9   11,:17          
  421  VM1E,MARK ADAMSON,69,    M,   28 63  11,:19        
  422 VM39C,LEM SHEARD,45,M,       76/9   11,:19          
  423   231,DEBORAH NEFF,47,    F,   50 98  11,:19        
  424 VM19B,KATARZYNA LEWANDOWSK,39F,    36/124 1,:1 9,
  425   429,ANDREA RANGE,31,    F,   37 124 11,:21        
  426   485,AJA ANDERSON,36,    F,   38 124 11,:21        
  427  VM1F,MARK ADAMSON,69,    M,   29 63  11,:21        
  428 VM32G,RYAN THURMAN,36,    M,   11 167 11,:23        
  429 VM31H,KYLIE THURMAN,39,F,   3/1 24 11,:24       
  430   417,KELSEY OLTMANNS,32,F,   40/124 11,:24     
  431 VM39D,LEM SHEARD,45,M,       77/9   11,:25          
  432 VM12K,KARI JOHNSON,51,    F,   29 58  11,:25        
  433 VM17D,TIFFANY LAW,35,F    ,   41/ 24 11,:25         
  434  VM7C,LAUREN DOESCHOT,28,F,   17/53  11,:26     
  435 VM31D,KYLIE THURMAN,39,F,   4/1 24 11,:26       
  436 VM31E,KYLIE THURMAN,39,F,   4/1 24 11,:26       
  437 VM38A,JOAQUIN MADRUGA WALD,27M,    18/41  1,:2 6,
  438  VM1G,MARK ADAMSON,69,    M,   30 63  11,:30        
  439    65,THAD GREINER,43,    M,   78 98  11,:30        
  440   418,BRYANT OTT,44,M,       79/9   11,:30          
  441 VM27D,MIKE SCHIEFELBEIN,65,M,   31/63  11,:  1  
  442 VM34B,TABITHA UBBINGA,36,F,   44/124 11,:32     
  443 VM17E,TIFFANY LAW,35,F    ,   45/ 24 11,:32         
  444   287,SUE SUDBECK,64,F    ,    5/  3 11,:35         
  445   175,JACK HARVEY,36,M    ,   12/ 67 11,:35         
  446 VM17F,TIFFANY LAW,35,F    ,   46/ 24 11,:35         
  447  VM1J,MARK ADAMSON,69,    M,   32 63  11,:35        
  448 VM33B,PAXTON UBBINGA,39,M,   3/ 167 11,:36      
  449 VM21D,TRAVIS MOOD,56,M    ,   55/ 20 11,:36         
  450    76,DUGLAS DIAZ FLORES,25,M    19/41  11, 37  ,
  451   173,JUSTIN HARRIE,42,M,   8/9 8  11,:37       
  452 VM22B,CONNOR O'BRIEN,33,M,   4/ 167 11,:37      
  453    72,MATT TENNANT,45,    M,   81 98  11,:37        
  454  VM7D,LAUREN DOESCHOT,28,F,   18/53  11,:37     
  455 VM35A,ZIVADIN ZIVKOVIC,59,M,  5 6/120 11,:3     
  456    54,TRAVIS FOWLER,33,M,   1/1 67 11,:38       
  457   436,CAMILLA RODRIGUEZ,41,F,   51/98  11,:  9  
  458 VM17K,TIFFANY LAW,35,F    ,   47/ 24 11,:39         
  459   223,STEPHANIE MINICH,35,F,  4 8/124 11,:4     
  460   403,LINDSEY LUNDEEN,36,F,   49/124 11,:40     
  461   185,WILLIAM HERRON,38,M,   6/ 167 11,:41      
  462 VM31I,KYLIE THURMAN,39,F,   5/1 24 11,:42       
  463  VM1K,MARK ADAMSON,69,    M,   33 63  11,:43        
  464 VM21A,TRAVIS MOOD,56,M    ,   57/ 20 11,:43         
  465 VM32F,RYAN THURMAN,36,    M,   17 167 11,:44        
  466   184,REGAN HERBERT,29,F,   1/5 3  11,:44       
  467   255,JAYNE RESPELIERS,30,F,  5 1/124 11,:4     
  468    64,JOEL DIAZ,29,M,       20/41 1 1,:45           
  469 VM27B,MIKE SCHIEFELBEIN,65,M,   34/63  11,:  7  
  470 VM31J,KYLIE THURMAN,39,F,   5/1 24 11,:48       
  471   499,ROSEMARY KEENAN,26,F,   20/53  11,:49     
  472   112,MICOLE BILLINGSLEY,33,F    53/124 11, 49  ,
  473 VM19C,KATARZYNA LEWANDOWSK,39F,    54/124 1,:4 9,
  474   494,AN-HOA GIANG,35,    F,   55 124 11,:51        
  475   470,CHRIS DAWSON,40,    M,   82 98  11,:51        
  476   202,LAURA KOORY,32,F    ,   56/ 24 11,:51         
  477   203,BETH KORSOS,55,F    ,   30/  8 11,:53         
  478 VM44J,JORGE HERNANDEZ,32,M,   18/167 11,:53     
  479   313,KATIE ANDERSON,31,F,   7/ 124 11,:53      
  480  VM7E,LAUREN DOESCHOT,28,F,   21/53  11,:53     
  481 VM31F,KYLIE THURMAN,39,F,   5/1 24 11,:54       
  482 VM27C,MIKE SCHIEFELBEIN,65,M,   35/63  11,:  4  
  483 VM19D,KATARZYNA LEWANDOWSK,39F,    59/124 1,:5 4,
  484   256,JEFFREY RESPELIERS,30,M    19/167 11, 55  ,
  485  VM4H,JEREMY BRICK,50,    M,   58 120 11,:55        
  486   365,RACHEL HIGGINBOTHAM,42,,    52/98  11:56  ,
  487   312,MAGDA ALVAREZ,31,F,   6/1 24 11,:57       
  488   347,CHRISTIE FREDERICK,39,F    61/124 11, 58  ,
  489   107,ANDREA BARRETT,33,F,   2/ 124 11,:58      
  490   212,CHRIS MACRANDER,39,M,   20/167 11,:58     
  491  VM4G,JEREMY BRICK,50,    M,   59 120 11,:58        
  492   359,BRANDY HARRIS,30,F,   6/1 24 12,:00       
  493 VM27E,MIKE SCHIEFELBEIN,65,M,   36/63  12,:  0  
  494 VM27I,MIKE SCHIEFELBEIN,65,M,   37/63  12,:  2  
  495 VM27F,MIKE SCHIEFELBEIN,65,M,   38/63  12,:  2  
  496   209,JOE LOFSHULT,60,    M,   39 63  12,:04        
  497 VM16B,MICHAEL KUSSATZ,53,M,   60/120 12,:05     
  498   189,JEFF HOPKINS,59,    M,   61 120 12,:05        
  499 VM18A,DOUGLAS LEE,64,M    ,   40/  3 12,:05         
  500 VM36A,MARK ADAMSON,69,    M,   41 63  12,:05        
  501 VM21E,TRAVIS MOOD,56,M    ,   62/ 20 12,:07         
  502   152,PAULA FOLKERS,60,F,    /1 3  12,:07       
  503  VM4J,JEREMY BRICK,50,    M,   63 120 12,:08        
  504   383,LEAH KEESEE,42,F    ,   53/  8 12,:09         
  505   302,EMILY WEIS,29,F,       22/5   12,:09          
  506 VM37C,LESLIE GORDON,45,F,   5/9 8  12,:10       
  507   498,JOHN KEENAN,59,M    ,   64/ 20 12,:11         
  508 VM37B,LESLIE GORDON,45,F,   5/9 8  12,:11       
  509 VM39G,LEM SHEARD,45,M,       83/9   12,:13          
  510   222,ANDREW MINICH,36,M,   2/1 67 12,:14       
  511 VM39H,LEM SHEARD,45,M,       84/9   12,:14          
  512 VM21F,TRAVIS MOOD,56,M    ,   65/ 20 12,:16         
  513   239,JENY ORONA,33,F,       64/1  412,:16          
  514   216,SARA MCCANDLESS,47,F,   56/98  12,:16     
  515 VM37E,LESLIE GORDON,45,F,   5/9 8  12,:17       
  516   404,ANDREA M CLARK,49,F,   8/ 98  12,:17      
  517 VM22C,CONNOR O'BRIEN,33,M,   2/ 167 12,:17      
  518   113,ANNA BINGHAM,39,    F,   65 124 12,:18        
  519    69,ADNREW SCHACK,26,M,   2/4 1  12,:18       
  520   250,KEYANA RASCON,22,F,   2/5 3  12,:19       
  521   201,ANNA KNUTSON,25,    F,   24 53  12,:19        
  522   399,ROBERT LIVINGS,37,M,   3/ 167 12,:20      
  523 VM37D,LESLIE GORDON,45,F,   5/9 8  12,:20       
  524   138,DAWN DETTMER,63,    F,    7 13  12,:20        
  525 VM36B,MARK ADAMSON,69,    M,   42 63  12,:21        
  526 VM34C,TABITHA UBBINGA,36,F,   66/124 12,:21     
  527 VM27G,MIKE SCHIEFELBEIN,65,M,   43/63  12,:  2  
  528  VM4I,JEREMY BRICK,50,    M,   66 120 12,:22        
  529 VM16A,MICHAEL KUSSATZ,53,M,   67/120 12,:23     
  530 VM27J,MIKE SCHIEFELBEIN,65,M,   44/63  12,:  3  
  531 VM17I,TIFFANY LAW,35,F    ,   67/ 24 12,:24         
  532   484,TIFFANY SANDERS,40,F,   60/98  12,:24     
  533 VM36C,MARK ADAMSON,69,    M,   45 63  12,:24        
  534 VM33C,PAXTON UBBINGA,39,M,   4/ 167 12,:25      
  535 VM17G,TIFFANY LAW,35,F    ,   68/ 24 12,:26         
  536  VM7F,LAUREN DOESCHOT,28,F,   25/53  12,:27     
  537   142,AMBER DYER,47,F,       61/9   12,:28          
  538  VM4K,JEREMY BRICK,50,    M,   68 120 12,:28        
  539   111,MELISSA BILDT,44,F,   6/9 8  12,:31       
  540   477,ASHLEY RICH,38,F    ,   69/ 24 12,:32         
  541   478,BRANDON RICH,40,    M,   85 98  12,:34        
  542 VM37F,LESLIE GORDON,45,F,   6/9 8  12,:35       
  543   106,AARON BARNES,33,    M,   25 167 12,:36        
  544 VM35B,ZIVADIN ZIVKOVIC,59,M,  6 9/120 12,:3     
  545   421,JITESH PATIL,30,    M,   26 167 12,:36        
  546   476,REYNA MORENO,50,    F,   31 58  12,:37        
  547 VM32H,RYAN THURMAN,36,    M,   27 167 12,:37        
  548 VM39I,LEM SHEARD,45,M,       86/9   12,:37          
  549 VM17J,TIFFANY LAW,35,F    ,   70/ 24 12,:37         
  550 VM36D,MARK ADAMSON,69,    M,   46 63  12,:37        
  551   174,TARA HART,46,F,       64/98 1 2,:38           
  552 VM36E,MARK ADAMSON,69,    M,   47 63  12,:38        
  553 VM17H,TIFFANY LAW,35,F    ,   71/ 24 12,:39         
  554 VM19E,KATARZYNA LEWANDOWSK,39F,    72/124 1,:3 9,
  555 VM18B,DOUGLAS LEE,64,M    ,   48/  3 12,:41         
  556 VM27H,MIKE SCHIEFELBEIN,65,M,   49/63  12,:  1  
  557 VM19I,KATARZYNA LEWANDOWSK,39F,    73/124 1,:4 1,
  558    66,CHARLES KALINA,37,M,   8/ 167 12,:41      
  559 VM27K,MIKE SCHIEFELBEIN,65,M,   50/63  12,:  2  
  560 VM15A,MIKE KINNEY,52,M    ,   70/ 20 12,:44         
  561   281,NIKKI SMITH,45,F    ,   65/  8 12,:47         
  562 VM16C,MICHAEL KUSSATZ,53,M,   71/120 12,:47     
  563 VM15K,MIKE KINNEY,52,M    ,   72/ 20 12,:47         
  564  VM6A,JIM COLLISON,56,    M,   73 120 12,:49        
  565 VM37G,LESLIE GORDON,45,F,   6/9 8  12,:49       
  566   495,STEPH GUY,42,F,       67/98 1 2,:49           
  567   434,NATE RIGGLE,36,M    ,   29/ 67 12,:50         
  568    53,CODY FOUTS,26,M,       22/4   12,:51          
  569   183,TRACI HENKE,48,F    ,   68/  8 12,:52         
  570   145,KELSEY EASTMAN,32,F,   4/ 124 12,:54      
  571 VM18I,DOUGLAS LEE,64,M    ,   51/  3 12,:54         
  572   480,SILVIA VALENCIA,49,F,   69/98  12,:58     
  573   348,PAUL FREDERICK,40,M,   7/ 98  12,:59      
  574   469,RACHEL ZAHN,51,F    ,   32/  8 13,:01         
  575   331,LAURA CHAVEZ PETIT,36,F    75/124 13,  2  ,
  576 VM19F,KATARZYNA LEWANDOWSK,39F,    76/124 1,:0 3,
  577 VM34D,TABITHA UBBINGA,36,F,   77/124 13,:04     
  578 VM22D,CONNOR O'BRIEN,33,M,   0/ 167 13,:05      
  579   234,HOLLY NIGHSWONGER,58,F,   33/58  13,:  7  
  580   327,DIANA BRUGUERA,36,F,   8/ 124 13,:07      
  581 VM20C,CLAIRE MARKHAM,36,F,   9/ 124 13,:08      
  582    60,CONNER PETERSEN,21,M,   23/41  13,:09     
  583 VM20B,CLAIRE MARKHAM,36,F,   0/ 124 13,:09      
  584   156,JEANNA GARGARELLA,49,F,   70/98  13,:  9  
  585 VM33D,PAXTON UBBINGA,39,M,   1/ 167 13,:10      
  586 VM18C,DOUGLAS LEE,64,M    ,   52/  3 13,:12         
  587 VM37H,LESLIE GORDON,45,F,   7/9 8  13,:12       
  588   146,EMILY EGGAR,23,F    ,   26/  3 13,:14         
  589 VM35C,ZIVADIN ZIVKOVIC,59,M,  7 4/120 13,:1     
  590 VM36F,MARK ADAMSON,69,    M,   53 63  13,:15        
  591    73,DAVID TYMA,36,M,       32/1  713,:16          
  592    59,JORDAN PECHAR,27,M,   2/4 1  13,:18       
  593   277,STEFANIE SHANAHAN,52,F,   34/58  13,:  8  
  594   465,TYLER WEGNER,34,    M,   33 167 13,:19        
  595 VM22G,CONNOR O'BRIEN,33,M,   4/ 167 13,:20      
  596   299,HANNA VOGEL,26,F    ,   27/  3 13,:20         
  597   328,CHRISTINA BUSCHER,37,F,   81/124 13,:  1  
  598 VM19H,KATARZYNA LEWANDOWSK,39F,    82/124 1,:2 1,
  599 VM18D,DOUGLAS LEE,64,M    ,   54/  3 13,:21         
  600 VM37K,LESLIE GORDON,45,F,   7/9 8  13,:22       
  601 VM33G,PAXTON UBBINGA,39,M,   5/ 167 13,:24      
  602   374,NANCI JAIMES,25,    F,   28 53  13,:24        
  603   273,CHELSEA SCHMITT,36,F,   83/124 13,:25     
  604 VM34G,TABITHA UBBINGA,36,F,   84/124 13,:26     
  605 VM39J,LEM SHEARD,45,M,       88/9   13,:29          
  606 VM21G,TRAVIS MOOD,56,M    ,   75/ 20 13,:30         
  607   141,KASSIDY DOWTY,27,F,   2/5 3  13,:31       
  608   272,ANDREW SCHMITT,38,M,   6/ 167 13,:32      
  609   129,LISA CARSTENSEN,43,F,   73/98  13,:32     
  610   178,SHEILA HATCHER,59,F,   5/ 58  13,:32      
  611 VM21I,TRAVIS MOOD,56,M    ,   76/ 20 13,:34         
  612   128,CHAD CARSTENSEN,43,M,   89/98  13,:34     
  613    70,NATE SPATH,43,M,       90/9   13,:35          
  614 VM16D,MICHAEL KUSSATZ,53,M,   77/120 13,:35     
  615   118,JERRY BRASE,37,M    ,   37/ 67 13,:35         
  616    63,DAN WILEY,26,M,       25/41 1 3,:36           
  617 VM33F,PAXTON UBBINGA,39,M,   8/ 167 13,:36      
  618 VM34F,TABITHA UBBINGA,36,F,   85/124 13,:36     
  619 VM22F,CONNOR O'BRIEN,33,M,   9/ 167 13,:37      
  620    55,GEORGE LEE,31,M,       40/1  713,:38          
  621 VM20D,CLAIRE MARKHAM,36,F,   6/ 124 13,:38      
  622  VM2A,RICHARD ANDREWS,75,M,   2 /14  13,:38     
  623   124,JEFF CARDER,58,M    ,   78/ 20 13,:40         
  624 VM20E,CLAIRE MARKHAM,36,F,   7/ 124 13,:40      
  625   121,ZORY CACHO,51,F,       36/5   13,:42          
  626   377,LOIS JENSEN,67,F    ,    8/  3 13,:42         
  627 VM37I,LESLIE GORDON,45,F,   7/9 8  13,:43       
  628 VM37J,LESLIE GORDON,45,F,   7/9 8  13,:43       
  629 VM19G,KATARZYNA LEWANDOWSK,39F,    88/124 1,:4 4,
  630 VM18G,DOUGLAS LEE,64,M    ,   55/  3 13,:44         
  631 VM18J,DOUGLAS LEE,64,M    ,   56/  3 13,:44         
  632 VM44K,JORGE HERNANDEZ,32,M,   41/167 13,:46     
  633   415,LINN NORTON,65,F    ,    9/  3 13,:47         
  634   125,SHAWN CARDER,55,    F,   37 58  13,:47        
  635   396,DAVID LESAC,46,M    ,   91/  8 13,:48         
  636    62,NICK THOREEN,51,    M,   79 120 13,:49        
  637   337,TANYA DOUGLAS,43,F,   7/9 8  13,:50       
  638   466,TIM WEILER,62,M,       57/6   13,:51          
  639 VM18E,DOUGLAS LEE,64,M    ,   58/  3 13,:51         
  640 VM18H,DOUGLAS LEE,64,M    ,   59/  3 13,:51         
  641 VM20F,CLAIRE MARKHAM,36,F,   9/ 124 13,:53      
  642 VM18F,DOUGLAS LEE,64,M    ,   60/  3 13,:55         
  643 VM21J,TRAVIS MOOD,56,M    ,   80/ 20 13,:55         
  644    71,JASON STERBA,43,    M,   92 98  13,:56        
  645   114,JESS BOLTER,43,F    ,   77/  8 13,:57         
  646 VM16F,MICHAEL KUSSATZ,53,M,   81/120 13,:59     
  647 VM22E,CONNOR O'BRIEN,33,M,   2/ 167 14,:01      
  648 VM32I,RYAN THURMAN,36,    M,   43 167 14,:01        
  649   143,JENNY EACKER,26,    F,   30 53  14,:02        
  650 VM22H,CONNOR O'BRIEN,33,M,   4/ 167 14,:03      
  651   324,KELLY BRILEY,53,    F,   38 58  14,:03        
  652    67,DJ ROSHONE,41,M,       93/9   14,:04          
  653 VM21H,TRAVIS MOOD,56,M    ,   82/ 20 14,:08         
  654 VM33E,PAXTON UBBINGA,39,M,   5/ 167 14,:09      
  655 VM16E,MICHAEL KUSSATZ,53,M,   83/120 14,:11     
  656 VM34E,TABITHA UBBINGA,36,F,   90/124 14,:13     
  657   109,JULIE BEENE,53,F    ,   39/  8 14,:13         
  658   355,CAMILLE GREGORY,48,F,   78/98  14,:15     
  659 VM20H,CLAIRE MARKHAM,36,F,   1/ 124 14,:19      
  660    78,ROSALINDA PEREZ,38,F,   92/124 14,:21     
  661    79,KIERA STANBACK,26,F,   1/ 53  14,:24      
  662  VM7G,LAUREN DOESCHOT,28,F,   32/53  14,:25     
  663 VM22I,CONNOR O'BRIEN,33,M,   6/ 167 14,:27      
  664 VM35E,ZIVADIN ZIVKOVIC,59,M,  8 4/120 14,:2     
  665   228,KIM MORSE,54,F,       40/58 1 4,:28           
  666 VM19J,KATARZYNA LEWANDOWS,39,,    93/124 14:28  ,
  667 VM20G,CLAIRE MARKHAM,36,F,   4/ 124 14,:29      
  668 VM38B,JOAQUIN MADRUGA WALD,27M,    26/41  1,:3 1,
  669 VM19K,KATARZYNA LEWANDOWS,39,,    95/124 14:31  ,
  670 VM15C,MIKE KINNEY,52,M    ,   85/ 20 14,:31         
  671 VM15D,MIKE KINNEY,52,M    ,   86/ 20 14,:34         
  672 VM35D,ZIVADIN ZIVKOVIC,59,M,  8 7/120 14,:3     
  673 VM34H,TABITHA UBBINGA,36,F,   96/124 14,:36     
  674 VM16H,MICHAEL KUSSATZ,53,M,   88/120 14,:36     
  675    51,MIKE DENNY,36,M,       47/1  714,:37          
  676  VM6C,JIM COLLISON,56,    M,   89 120 14,:38        
  677  VM6D,JIM COLLISON,56,    M,   90 120 14,:40        
  678 VM16G,MICHAEL KUSSATZ,53,M,   91/120 14,:40     
  679 VM32J,RYAN THURMAN,36,    M,   48 167 14,:40        
  680   481,BRANDON WEIS,31,    M,   49 167 14,:42        
  681   238,NICHOLAS OPDAHL,34,M,   50/167 14,:42     
  682   318,CORTNEY BETTCHER,34,F,  9 7/124 14,:4     
  683   249,CASSIE PYLE,28,F    ,   33/  3 14,:42         
  684 VM22J,CONNOR O'BRIEN,33,M,   1/ 167 14,:49      
  685 VM18K,DOUGLAS LEE,64,M    ,   61/  3 14,:51         
  686  VM2B,RICHARD ANDREWS,75,M,   3 /14  14,:52     
  687 VM33H,PAXTON UBBINGA,39,M,   2/ 167 14,:54      
  688  VM7H,LAUREN DOESCHOT,28,F,   34/53  14,:54     
  689 VM38E,JOAQUIN MADRUGA WALD,27M,    27/41  1,:5 8,
  690   136,JOHN DAVISON,64,    M,   62 63  14,:59        
  691 VM39K,LEM SHEARD,45,M,       94/9   14,:59          
  692 VM33I,PAXTON UBBINGA,39,M,   3/ 167 15,:00      
  693 VM15E,MIKE KINNEY,52,M    ,   92/ 20 15,:03         
  694 VM15B,MIKE KINNEY,52,M    ,   93/ 20 15,:04         
  695 VM15F,MIKE KINNEY,52,M    ,   94/ 20 15,:07         
  696 VM20I,CLAIRE MARKHAM,36,F,   8/ 124 15,:08      
  697  VM6E,JIM COLLISON,56,    M,   95 120 15,:09        
  698   335,ANETH DE LA VEGA,47,F,  7 9/98  15,:0     
  699   103,WENDY AUSTIN,42,    F,   80 98  15,:10        
  700 VM15I,MIKE KINNEY,52,M    ,   96/ 20 15,:10         
  701  VM6F,JIM COLLISON,56,    M,   97 120 15,:10        
  702   170,AMY HALL,32,F,       99/124 15,:10            
  703  VM6B,JIM COLLISON,56,    M,   98 120 15,:13        
  704 VM34I,TABITHA UBBINGA,36,F,    0/124 15,:13     
  705 VM20J,CLAIRE MARKHAM,36,F,   1/ 124 15,:18      
  706   351,NOE GARCIA,51,M,       99/1  015,:19          
  707   270,TANYA MARTIN,47,    F,   81 98  15,:20        
  708 VM20K,CLAIRE MARKHAM,36,F,   2/ 124 15,:22      
  709 VM38D,JOAQUIN MADRUGA WALD,27M,    28/41  1,:2 2,
  710   259,CLAUDIA REUTZEL,50,F,   41/58  15,:23     
  711 VM38F,JOAQUIN MADRUGA WALD,27M,    29/41  1,:2 4,
  712   311,JULIE ADAMSON,60,F,   1/1 3  15,:24       
  713   343,DONNA EDMONDS,36,F,   0/1 24 15,:27       
  714 VM21K,TRAVIS MOOD,56,M    ,   00/ 20 15,:28         
  715   105,JILL BANASZAK,45,F,   8/9 8  15,:30       
  716  VM6I,JIM COLLISON,56,    M,   01 120 15,:33        
  717   211,KRIN MACKIN,41,F    ,   83/  8 15,:34         
  718   177,SHANE HATCHER,37,M,   5/1 67 15,:35       
  719   226,JAN MOORE,55,F,       42/58 1 5,:36           
  720 VM35F,ZIVADIN ZIVKOVIC,59,M,  0 2/120 15,:3     
  721   330,BRANDI CARPENTER,31,F,  0 4/124 15,:4     
  722  VM7K,LAUREN DOESCHOT,28,F,   35/53  15,:41     
  723 VM15H,MIKE KINNEY,52,M    ,   03/ 20 15,:41         
  724   289,JOHN THOMAS,37,M    ,   55/ 67 15,:43         
  725  VM6H,JIM COLLISON,56,    M,   04 120 15,:44        
  726   321,HOPE BLOMENBERG,24,F,   36/53  15,:48     
  727  VM6J,JIM COLLISON,56,    M,   05 120 15,:48        
  728   176,BAILEY HATCHER,30,F,   5/ 124 15,:48      
  729   163,ANDREA GOY,48,F,       84/9   15,:50          
  730 VM38G,JOAQUIN MADRUGA WALD,27M,    30/41  1,:5 4,
  731 VM38K,JOAQUIN MADRUGA WAL,27,,    31/41  15:55  ,
  732 VM15G,MIKE KINNEY,52,M    ,   06/ 20 16,:01         
  733   344,TIM ENCK,73,M,        4/14  16,:01            
  734  VM6G,JIM COLLISON,56,    M,   07 120 16,:06        
  735   467,PAULA WELCH,45,F    ,   85/  8 16,:15         
  736   433,OLIVIA REININGER,33,F,  0 6/124 16,:1     
  737   253,SARAH REINHOLZ,31,F,   7/ 124 16,:19      
  738 VM22K,CONNOR O'BRIEN,33,M,   6/ 167 16,:20      
  739 VM38H,JOAQUIN MADRUGA WALD,27M,    32/41  1,:2 0,
  740 VM33J,PAXTON UBBINGA,39,M,   7/ 167 16,:21      
  741 VM34J,TABITHA UBBINGA,36,F,    8/124 16,:21     
  742   248,RORY PRUESS,55,M    ,   08/ 20 16,:22         
  743   350,ABRIL GARCIA,51,    F,   43 58  16,:22        
  744   243,TRUMAN PIPPERT,25,M,   3/ 41  16,:23      
  745   367,PAM HOPKINS,56,F    ,   44/  8 16,:24         
  746   346,KIMBERLY FRANCAVILLA,59F,    45/58  1,:2 5,
  747   247,CHRISTIN PRUESS,56,F,   46/58  16,:28     
  748 VM11A,DAYTON HEADLEE,39,M,   8/ 167 16,:29      
  749   307,ALISHA YOUNG,55,    F,   47 58  16,:30        
  750   224,MICHAEL MISENSOL,33,M,  5 9/167 16,:3     
  751   412,KEN MCQUADE,54,M    ,   09/ 20 16,:36         
  752  VM7J,LAUREN DOESCHOT,28,F,   37/53  16,:37     
  753  VM7I,LAUREN DOESCHOT,28,F,   38/53  16,:39     
  754 VM34K,TABITHA UBBINGA,36,F,    9/124 16,:43     
  755 VM33K,PAXTON UBBINGA,39,M,   0/ 167 16,:43      
  756   430,JESSICA RANGEL,47,F,   6/ 98  16,:45      
  757   413,SAMA MEHTA,26,F,       39/5   16,:45          
  758   320,SPENCER BLACK,38,M,   6/1 67 16,:45       
  759 VM38C,JOAQUIN MADRUGA WALD,27M,    34/41  1,:4 5,
  760 VM16I,MICHAEL KUSSATZ,53,M,   10/120 16,:46     
  761 VM32K,RYAN THURMAN,36,    M,   62 167 16,:47        
  762   397,DORINDA LIDDICK,49,F,   87/98  16,:47     
  763   493,SKYLAR AULTMAN,17,F,   2/ 2   16,:48      
  764  VM6K,JIM COLLISON,56,    M,   11 120 16,:48        
  765 VM35G,ZIVADIN ZIVKOVIC,59,M,  1 2/120 16,:4     
  766   339,RICHARD DUTCHER,50,M,   13/120 16,:53     
  767   213,DANE MASSEY,27,M    ,   35/  1 17,:01         
  768   293,ANDREA TOVAR,24,    F,   40 53  17,:01        
  769 VM16J,MICHAEL KUSSATZ,53,M,   14/120 17,:10     
  770   423,ANNE PETERSON,46,F,   8/9 8  17,:15       
  771 VM38I,JOAQUIN MADRUGA WALD,27M,    36/41  1,:1 5,
  772   241,PETER PARKERT,74,M,    /1 4  17,:15       
  773   455,KERI TAYLOR,49,F    ,   89/  8 17,:18         
  774  VM2C,RICHARD ANDREWS,75,M,   6 /14  17,:19     
  775   482,SARA KUEBLER,46,    F,   90 98  17,:22        
  776   240,MEL PALMER,53,F,       48/5   17,:24          
  777   180,DIANE HAWKINS,60,F,   1/1 3  17,:26       
  778 VM35H,ZIVADIN ZIVKOVIC,59,M,  1 5/120 17,:4     
  779   385,ERIC KINGERY,41,    M,   95 98  17,:51        
  780   191,AMBER HUTCHINSON,44,F,  9 1/98  17,:5     
  781   227,KLOEE MORGAN,23,    F,   41 53  17,:56        
  782   395,ELISHA LEACH,31,    F,   10 124 17,:59        
  783   332,REBEKAH CHRISTENSEN,38,,    11/124 18:08  ,
  784 VM38J,JOAQUIN MADRUGA WAL,27,,    37/41  18:08  ,
  785   144,LAURIE EACKER,52,F,   4/5 8  18,:10       
  786   115,BRIAN BONIFANT,54,M,   6/ 120 18,:12      
  787   314,JOHN ANGEL,28,M,       38/4   18,:12          
  788   384,KYLA KERN,27,F,       42/53 1 8,:13           
  789   101,KARI ALLGIRE,50,    F,   50 58  18,:22        
  790   435,AJA ROCKWELL,33,    F,   12 124 18,:29        
  791  VM2D,RICHARD ANDREWS,75,M,   7 /14  18,:32     
  792   283,SHARIEE SMITH,50,F,   5/5 8  18,:33       
  793   366,VERONICA HILL,30,F,   1/1 24 18,:41       
  794   309,TYLER YOUNG,33,M    ,   63/ 67 18,:56         
  795  VM2E,RICHARD ANDREWS,75,M,   8 /14  18,:57     
  796   308,LAUREN YOUNG,33,    F,   14 124 19,:05        
  797 VM35I,ZIVADIN ZIVKOVIC,59,M,  1 7/120 19,:1     
  798 VM16K,MICHAEL KUSSATZ,53,M,   18/120 19,:16     
  799   400,LORI LONG,60,F,       12/13 1 9,:20           
  800   233,CARRIE NIFFENEGGER,28,F    43/53  19, 22  ,
  801   472,TIFFANY CANIGLIA,37,F,  1 5/124 19,:2     
  802   262,ELIZABETH ROUSE,25,F,   44/53  19,:29     
  803   229,JEANA MOSLEY,29,    F,   45 53  19,:29        
  804   392,JULIE KRUCKEBERG,60,F,  1 3/13  19,:3     
  805   454,KRISTEN STIEREN,39,F,   16/124 19,:32     
  806   487,EMMA BUCKINGHAM,26,F,   46/53  19,:36     
  807 VM11C,DAYTON HEADLEE,39,M,   4/ 167 19,:37      
  808   251,GRACE RASMUSSEN,26,F,   47/53  19,:41     
  809   459,ALEXA TOMAIR,34,    F,   17 124 19,:51        
  810 VM11B,DAYTON HEADLEE,39,M,   5/ 167 20,:20      
  811   230,AMBER NANCE,40,F    ,   92/  8 20,:26         
  812   280,MARISSA SMITH,29,F,   4/5 3  20,:39       
  813  VM2F,RICHARD ANDREWS,75,M,   9 /14  20,:40     
  814   356,KATRINA GUTHRIE,51,F,   52/58  20,:41     
  815  VM2K,RICHARD ANDREWS,75,M,   10/14  20,:41     
  816   453,NICHOLE SMALL,42,F,   9/9 8  20,:42       
  817   298,CATHERINE VESETH,25,F,  4 9/53  20,:4     
  818  VM2H,RICHARD ANDREWS,75,M,   11/14  20,:58     
  819  VM2G,RICHARD ANDREWS,75,M,   12/14  21,:06     
  820  VM2I,RICHARD ANDREWS,75,M,   13/14  21,:21     
  821   456,RACHEL TAYLOR,29,F,   5/5 3  21,:27       
  822   463,TIFFANY WALLACE,35,F,   18/124 21,:29     
  823   349,CAREY FRIESEN,62,M,   6/6 3  21,:34       
  824   505,TRACY DALEY,52,F    ,   53/  8 21,:38         
  825   371,KALVIN HURLBERT,36,M,   66/167 21,:38     
  826  VM2J,RICHARD ANDREWS,75,M,   14/14  21,:52     
  827   264,TINA ROYLE,54,F,       54/5   21,:56          
  828   265,NICHOLAS ROYLE-BENAK,29M,    39/41  2,:5 6,
  829   443,CHERYL SANTO,58,    F,   55 58  22,:04        
  830   278,DEBBIE SINKEVICH,53,F,  5 6/58  22,:3     
  831   292,BOBBIE JO TOSTENSON,55,,    57/58  23:20  ,
  832   500,JOSH KIMPSTON,39,M,   6/1 67 23,:27       
  833   442,STEPHANIE SANCHEZ VEG,3,F ,   19/124 3,: 3 3
  834   148,HAYLEY ELSHIRE,29,F,   1/ 53  23,:36      
  835   357,DAWN HAIN,54,F,       58/58 2 4,:21           
  836   160,ASHLEY GLADDEN,26,F,   2/ 53  24,:23      
  837   246,TRAYLEE PRAK,29,    M,   40 41  25,:12        
  838   245,SLOANE PRAK,28,F    ,   53/  3 25,:21         
  839   502,LINDSEY NESSELROTTE,37,,    20/124 25:48  ,
  840   503,AMBER ROBERTS,43,F,   9/9 8  25,:50       
  841 VM35J,ZIVADIN ZIVKOVIC,59,M,  1 9/120 26,:4     
  842   323,COURTNEY BREWER,39,F,   21/124 28,:00     
  843    57,ZACH LUCAS,28,M,       41/4   28,:04          
  844   504,JILL WESTCOTT,45,F,   9/9 8  28,:35       
  845   252,ASHLEY REID,32,F    ,   22/ 24 28,:39         
  846 VM35K,ZIVADIN ZIVKOVIC,59,M,  2 0/120 30,:0     
  847    58,NICK OLESON,41,M    ,   96/  8 31,:08         
  848   501,MINDY KIMPSTON,40,F,   6/ 98  31,:59      
  849   461,RYAN UNDERWOOD,41,M,   7/ 98  32,:29      
  850   440,AZUCENA SAAVEDRA,39,F,  2 3/124 33,:0     
  851   192,JONATHAN IMMS,47,M,   9/9 8  36,:24       
  852   131,SARAH CHAMBERLIN,49,F,  9 7/98  45,:4     
  853   486,KATIE BADGER,41,    F,   98 98  47,:18        
  854   488,LAURA LEATHERWOOD,30,F,   24/124 47,:  1  
